DROP TABLE EMPLOYEE;
DROP TABLE DESIGNATION;
DROP TABLE DEPARTMENT;

CREATE TABLE EMPLOYEE(
EMP_CODE CHAR(5) PRIMARY KEY,
EMP_NAME CHAR(20) NOT NULL,
DEPT_CODE CHAR(5),
DESIG_CODE CHAR(5),
SEX CHAR(1),
ADDRESS CHAR(25),
CITY CHAR(20),
STATE CHAR(20),
PIN CHAR(6),
BASIC INT(32),
JN_DT DATE);

CREATE TABLE DESIGNATION(
DESIG_CODE CHAR(5) PRIMARY KEY,
DESIG_DESC CHAR(20));

CREATE TABLE DEPARTMENT(
DEPT_CODE CHAR(5) PRIMARY KEY,
DEPT_NAME CHAR(15));

DESCRIBE EMPLOYEE;
DESCRIBE DESIGNATION;
DESCRIBE DEPARTMENT;

INSERT INTO DEPARTMENT VALUES('DP01','PERSONNEL');
INSERT INTO DEPARTMENT VALUES('DP02','PRODUCTION');
INSERT INTO DEPARTMENT VALUES('DP03','PURCHASE');
INSERT INTO DEPARTMENT VALUES('DP04','FINANCE');
INSERT INTO DEPARTMENT VALUES('DP05','RESEARCH');

INSERT INTO DESIGNATION VALUES('DS01','MANAGER');
INSERT INTO DESIGNATION VALUES('DS02','EXECUTIVE');
INSERT INTO DESIGNATION VALUES('DS03','OFFICER');
INSERT INTO DESIGNATION VALUES('DS04','CLERK');
INSERT INTO DESIGNATION VALUES('DS05','HELPER');

INSERT INTO EMPLOYEE VALUES('E01','HARSH','DP02','DS03','M','JADAVPUR','KOLKATA','WEST BENGAL','700032',1000,'2010-10-09');
INSERT INTO EMPLOYEE VALUES('E02','KANKANA','DP02','DS01','F','JADAVPUR','KOLKATA','WEST BENGAL','700032',2000,'2011-02-09');
INSERT INTO EMPLOYEE VALUES('E04','WAHAB','DP01','DS01','M','JADAVPUR','KOLKATA','WEST BENGAL','700032',2000,'2014-01-23');
INSERT INTO EMPLOYEE VALUES('E05','JOSEPH','DP03','DS05','M','JADAVPUR','KOLKATA','WEST BENGAL','700032',0,'2013-10-28');
INSERT INTO EMPLOYEE VALUES('E03','SUBHASMITA','DP05','DS02','F','JADAVPUR','KOLKATA','WEST BENGAL','700032',1000,'2013-10-29');
INSERT INTO EMPLOYEE VALUES('E06','DEVRUP','DP03','DS04','M','JADAVPUR','KOLKATA','WEST BENGAL','700032',0,'2014-03-11');
INSERT INTO EMPLOYEE VALUES('E07','SAKET',NULL,'DS05','M','JADAVPUR','KOLKATA','WEST BENGAL','700032',NULL,'2010-10-09');
INSERT INTO EMPLOYEE VALUES('E08','SANJAY',NULL,'DS01','M','JADAVPUR','KOLKATA','WEST BENGAL','700032',NULL,'2006-01-10');
INSERT INTO EMPLOYEE VALUES('E09','KISHAN','DP03','DS04','M','IIT-D','NEW DELHI','NEW DELHI','700032',2000,'2014-03-11');
INSERT INTO EMPLOYEE VALUES('E10','ISHWAR','DP02','DS01','M','IIT-D','NEW DELHI','NEW DELHI','700032',1500,'2014-03-11');
INSERT INTO EMPLOYEE VALUES('E11','RUCHI','DP03','DS04','F','IIT-D','NEW DELHI','NEW DELHI','700032',0,'2014-03-11');
INSERT INTO EMPLOYEE VALUES('E12','PRABHAT','DP03','DS02','M','IIT-D','NEW DELHI','NEW DELHI','700032',2000,'2014-03-11');
INSERT INTO EMPLOYEE VALUES('E13','RUMAN','DP05','DS03','M','IISC','BANGALORE','KARNATAKA','700032',1000,'2014-03-11');

SELECT * FROM EMPLOYEE WHERE DEPT_CODE IS NULL;
SELECT * FROM EMPLOYEE WHERE BASIC = 0;
SELECT * FROM EMPLOYEE WHERE BASIC IS NULL;
SELECT AVG(BASIC) FROM EMPLOYEE;
UPDATE EMPLOYEE SET BASIC = 0 WHERE BASIC IS NULL;
SELECT AVG(BASIC) FROM EMPLOYEE;
DELETE FROM EMPLOYEE WHERE DEPT_CODE IS NULL;
SELECT EMP_NAME,(BASIC+0.5*BASIC+0.4*BASIC) FROM EMPLOYEE;
SELECT UPPER(EMP_NAME),BASIC FROM EMPLOYEE ORDER BY DEPT_CODE ASC;
SELECT * FROM EMPLOYEE WHERE JN_DT > '01-JAN-2012';

SELECT MAX(BASIC),MIN(BASIC) FROM EMPLOYEE;
SELECT COUNT(EMP_CODE) FROM EMPLOYEE WHERE SEX='F';
UPDATE EMPLOYEE SET CITY = UPPER(CITY);
SELECT COUNT(DISTINCT CITY) FROM EMPLOYEE;
SELECT EMP_CODE, DEPT_CODE, BASIC FROM EMPLOYEE ORDER BY DEPT_CODE ASC, BASIC DESC;
COMMIT;



